date,city,city_code,state,vacancy_rate,rent_index,property_value_index,cap_rate,office_reit_total_return,urban_office_employment_index,small_business_rent_burden,period
2005-03-31,New York,NYC,NY,0.10580853195748947,99.98567103308362,110.08075287789387,0.04349826042537694,0.13923749429854468,101.39804853562663,0.193246386374643,2005Q1
2005-06-30,New York,NYC,NY,0.14702138818126403,101.04232784789443,110.48403480705542,0.04433574602391327,0.11983899157176842,101.86018261066994,0.19377737289720817,2005Q2
2005-09-30,New York,NYC,NY,0.1368606668855577,101.97573638367668,112.47624998870148,0.045832425218558924,0.11724706045500034,102.57444346516812,0.19397468749998603,2005Q3
2005-12-31,New York,NYC,NY,0.12247832153609636,102.70764272206546,114.72535694239903,0.04581325406541333,0.08213240460018517,102.98449071876213,0.19425805755285286,2005Q4
2006-03-31,New York,NYC,NY,0.14547209662837202,103.2099109149736,114.85655449485981,0.04676301901030099,0.08764884755671071,103.90298317482689,0.1938996659048582,2006Q1
2006-06-30,New York,NYC,NY,0.141306106646245,104.32383241087169,116.25702125322434,0.04359337125951171,0.07153715333375432,104.1995624481069,0.1946073353513783,2006Q2
2006-09-30,New York,NYC,NY,0.15601937052529882,105.16068111181136,116.54397666890353,0.04569757612150002,0.10885814702948854,104.26688363469658,0.19527149877445424,2006Q3
2006-12-31,New York,NYC,NY,0.16727414065374144,105.47591565157765,117.6211065720153,0.04565832696544085,0.029799229068893054,105.01882339955998,0.19489172313448108,2006Q4
2007-03-31,New York,NYC,NY,0.16488278094219513,105.61789575210977,119.30989244648242,0.04534861647803353,0.12181182957683531,104.87408903922564,0.1951383140466139,2007Q1
2007-06-30,New York,NYC,NY,0.1803868190657652,106.22874990779333,119.43508271885814,0.04782653439793894,0.06739566129595258,104.78268072198141,0.19574205857138155,2007Q2
2007-09-30,New York,NYC,NY,0.17566892138680038,106.61264508321965,120.88834422610611,0.049140554519077534,0.11408582968477544,105.34474574411588,0.1955832143522043,2007Q3
2007-12-31,New York,NYC,NY,0.17374963786023212,107.01627348232701,121.69890631151043,0.046199266588906676,0.08056351017023117,105.2900491853595,0.19597554482051355,2007Q4
2008-03-31,New York,NYC,NY,0.16028241561919176,107.54077230259252,123.29913135373043,0.04433477159124814,0.06590743759475123,105.43006671735759,0.19630179628625682,2008Q1
2008-06-30,New York,NYC,NY,0.1695295800231254,108.59743342345087,124.99408189363751,0.04394548009179651,0.1272474923847086,106.0525800714891,0.1966596532731421,2008Q2
2008-09-30,New York,NYC,NY,0.15824245553324817,108.48318432766199,126.58064071516154,0.04570088513762686,0.09396778456877455,107.23500801270664,0.19554756711849802,2008Q3
2008-12-31,New York,NYC,NY,0.16125351294361068,109.5268778981279,126.93698777374438,0.044545697331985545,0.11981471958274555,106.1934549394282,0.19732510882101065,2008Q4
2009-03-31,New York,NYC,NY,0.1532227825007694,109.77269779775638,126.58013747226514,0.04707771030075803,0.12821397384952832,107.16439527034446,0.1966905337763991,2009Q1
2009-06-30,New York,NYC,NY,0.14787247770126513,109.84654452869533,128.61375728095248,0.04372811703671083,0.15866355024568105,107.71397250126944,0.1962818624456179,2009Q2
2009-09-30,New York,NYC,NY,0.14515950115771944,110.98783983030219,130.02462786739034,0.0482040145146242,0.07628777818625779,108.11268422896755,0.19689346572481814,2009Q3
2009-12-31,New York,NYC,NY,0.13353317791806452,111.04134024118844,130.75521951281183,0.04768606338946663,0.1073756750000748,107.56114574954766,0.19741199486640823,2009Q4
2010-03-31,New York,NYC,NY,0.1390898143149438,111.47904587828381,130.71983454414556,0.04560716164500024,0.06306716470268227,107.66715581117977,0.1976863951773837,2010Q1
2010-06-30,New York,NYC,NY,0.1259992757576138,112.14045137478162,132.2740270715569,0.04593079929585116,0.06904955310916913,107.65316145686573,0.19825145594562263,2010Q2
2010-09-30,New York,NYC,NY,0.12061661899868938,112.74962845364192,134.01959926410396,0.04510778214781993,0.05204354865294455,107.99615345128065,0.19846137025755747,2010Q3
2010-12-31,New York,NYC,NY,0.11965121961282442,113.83286537762163,135.2598236042675,0.045959835224499854,0.07965577832664515,108.17839438411413,0.199204288618009,2010Q4
2011-03-31,New York,NYC,NY,0.09425589349759787,114.3878015723607,136.47550033959308,0.04410063712616133,0.10465987815921086,108.3247005527672,0.19953743918957437,2011Q1
2011-06-30,New York,NYC,NY,0.10452265291106619,114.60291277590005,138.11355288601916,0.045876519816444264,0.13440798129837914,108.6103228404442,0.19946576273862424,2011Q2
2011-09-30,New York,NYC,NY,0.10654572811253507,115.49811054367053,139.2422147660355,0.045262267670248144,0.09295387275243006,109.04377969425414,0.1998271243722129,2011Q3
2011-12-31,New York,NYC,NY,0.08006549137598004,115.74626215482725,140.10359513830704,0.045059776923417595,0.08509645641344726,109.57329897238343,0.19957027434265687,2011Q4
2012-03-31,New York,NYC,NY,0.08975010216409793,116.94853495561571,141.49131521699724,0.04742040827907124,0.05778423335880055,110.2827360662321,0.19993985324851055,2012Q1
2012-06-30,New York,NYC,NY,0.09702515037661126,117.79729892089125,142.93639045354067,0.044406175089687895,0.10809981860429141,110.91503310137047,0.2000844902754595,2012Q2
2012-09-30,New York,NYC,NY,0.11079236594559867,118.49334978595147,143.81090626230036,0.04776122495895213,0.055146053676204766,111.42768820638196,0.20020692574168325,2012Q3
2012-12-31,New York,NYC,NY,0.10562835932926153,118.90588009764795,144.51116765170238,0.0464426747487079,0.15538406038704947,111.05074720803952,0.20086611619317027,2012Q4
2013-03-31,New York,NYC,NY,0.10194478287066625,119.93152718607367,144.94201634935288,0.0486680654595793,0.10858672575876926,111.55572270123005,0.20125736201947095,2013Q1
2013-06-30,New York,NYC,NY,0.11882520747627608,120.74399301198935,145.25162886778696,0.048401093140720476,0.09984346024281608,111.68099064571868,0.20180357250816192,2013Q2
2013-09-30,New York,NYC,NY,0.09738534124517195,122.32160564202256,147.6347574175968,0.046103053196058716,0.056565047231747816,111.27450730954124,0.2034350101291176,2013Q3
2013-12-31,New York,NYC,NY,0.1042780610194327,122.8990026361709,148.78994374652925,0.04379474053160773,0.13305821917271202,111.45404943733529,0.2037418875141396,2013Q4
2014-03-31,New York,NYC,NY,0.12806550062855,123.70542381464502,149.5500729003353,0.04315250550652999,0.09540606640839788,111.5147493073011,0.20433870485721586,2014Q1
2014-06-30,New York,NYC,NY,0.12216072917196584,124.77496773917616,150.25695057203163,0.04393277756012051,0.07152607472804093,112.00832893530014,0.2047581433297924,2014Q2
2014-09-30,New York,NYC,NY,0.12177989362474097,125.76551018856142,150.88170359515226,0.046223791700718914,0.07055802640564815,111.9772118054873,0.2055821374676866,2014Q3
2014-12-31,New York,NYC,NY,0.14405515216338677,126.64764659732147,152.10990739361853,0.04292654419345583,0.11538542467720554,112.610476398526,0.20571871923728163,2014Q4
2015-03-31,New York,NYC,NY,0.1276757169606254,127.8389760026734,152.74247610865248,0.04588522695432003,0.1010159990669022,113.8842040974176,0.2055281270473532,2015Q1
2015-06-30,New York,NYC,NY,0.14955642311588807,128.54172795094655,154.86987977709484,0.04734414917469083,0.11739645333590654,114.52487156899954,0.20551522365484762,2015Q2
2015-09-30,New York,NYC,NY,0.15125342477947587,128.97923565777046,157.20339978978473,0.04476234390316614,0.15430794211524912,115.14341469272033,0.2053145471469437,2015Q3
2015-12-31,New York,NYC,NY,0.1514270689643767,129.18347885440002,158.39310004891678,0.04469672666241776,0.034206366270054425,115.5020804489215,0.20516063790112937,2015Q4
2016-03-31,New York,NYC,NY,0.14994933764874324,129.88024297135158,158.60754035539009,0.044095178893342524,0.055338370471652513,115.8950579107512,0.20536039972837594,2016Q1
2016-06-30,New York,NYC,NY,0.16642518662249522,130.0821795340114,160.1622051959036,0.04543635028182198,0.0691711478462968,116.36750968466717,0.2051070868903678,2016Q2
2016-09-30,New York,NYC,NY,0.15907280810272661,131.00260875627131,161.03425727682648,0.045427866972755804,0.09539397564563837,116.825063383,0.20542213474270707,2016Q3
2016-12-31,New York,NYC,NY,0.15354013769848976,131.84404257572078,162.22973233561135,0.04578900366188628,0.12901494829173105,117.35855186449217,0.20560864221906797,2016Q4
2017-03-31,New York,NYC,NY,0.1533353145172746,132.91257813955798,164.8100464423081,0.04394548961446987,0.10807278234263627,117.90276982089384,0.2059575997725236,2017Q1
2017-06-30,New York,NYC,NY,0.14689015518203793,133.91885200740288,165.3870802150791,0.0465943560664608,0.06798086310307264,118.30437942557224,0.20637870253990778,2017Q2
2017-09-30,New York,NYC,NY,0.16134571912180415,134.43200094784322,167.92973793605927,0.04464727309965724,0.06600981797073026,119.21717949079355,0.20598604535842266,2017Q3
2017-12-31,New York,NYC,NY,0.14793711524976033,134.83025322598945,168.94703778380133,0.045990303780835975,0.19090258377950814,119.76191903663873,0.20582371698742302,2017Q4
2018-03-31,New York,NYC,NY,0.13855383171880478,135.36556213277856,169.3910781525318,0.04487019801144319,0.020405075429817718,120.00182944180338,0.20602262385181674,2018Q1
2018-06-30,New York,NYC,NY,0.11712083470816509,136.27795532826963,170.7754811118428,0.04317762703554848,0.004147960044910554,119.8924306418657,0.20680016952597674,2018Q2
2018-09-30,New York,NYC,NY,0.11846106207521517,136.65222873480485,171.85137876650967,0.044285694875226475,0.17276412207805417,119.89522768955626,0.2070787333085297,2018Q3
2018-12-31,New York,NYC,NY,0.11174114766241236,137.27303664034986,172.45327574672567,0.04505417469262159,0.09585255587969468,120.33500232681435,0.20716816020893122,2018Q4
2019-03-31,New York,NYC,NY,0.12786041916135474,137.99109986441192,172.73014711657862,0.04652183533250301,0.10558595131965502,120.3305539467583,0.20770902364741126,2019Q1
2019-06-30,New York,NYC,NY,0.09741014849695834,138.65807923412365,175.73916060718625,0.04381530179560725,0.08569823989425186,120.45673458479162,0.2080992480958944,2019Q2
2019-09-30,New York,NYC,NY,0.08857863241154398,139.7477308320865,176.22857705498245,0.049263877909734556,0.028871113569231263,120.08454191395953,0.20923700923054198,2019Q3
2019-12-31,New York,NYC,NY,0.07739254982905697,140.24261586393433,176.06717698017627,0.04907294480333326,0.15159149190304394,120.7887855879109,0.20899509336748678,2019Q4
2020-03-31,New York,NYC,NY,0.1609528840818398,140.9153239994747,176.39222419703867,0.055683714630522754,-0.06694485565120428,120.51159182292143,0.20973783619577516,2020Q1
2020-06-30,New York,NYC,NY,0.14897124282416205,141.18831625781166,177.2030121348168,0.0562436968310275,-0.011330802557789302,119.83047290407734,0.2105410441121666,2020Q2
2020-09-30,New York,NYC,NY,0.1360688439926135,142.3835646622605,177.74759876258815,0.05595688806847944,-0.04751139694354579,119.78885338726815,0.21147590349391765,2020Q3
2020-12-31,New York,NYC,NY,0.14772118072238563,142.48553126954977,177.78583273307873,0.05646672515434033,-0.037658484543159336,119.4701216369823,0.21183811633024963,2020Q4
2021-03-31,New York,NYC,NY,0.143600139486499,144.23866769505275,177.22217583921156,0.053083435842903946,0.022061422481099602,119.53196802595863,0.21310257976958577,2021Q1
2021-06-30,New York,NYC,NY,0.13743616632523636,145.33921757518615,177.1554454717181,0.05731374764470397,-0.050088193501502995,119.47311415059683,0.21398513123445195,2021Q2
2021-09-30,New York,NYC,NY,0.13299988133325916,146.0707381817083,178.04544669863773,0.05269595574905271,0.04823247421459893,119.58547121375484,0.21443280624244962,2021Q3
2021-12-31,New York,NYC,NY,0.14424975273744478,146.25704463778465,179.10577096494418,0.05519147469677607,0.05145039683680343,119.43182264247449,0.2147146289503189,2021Q4
2022-03-31,New York,NYC,NY,0.15212883784502032,146.8573052376894,178.77348123902198,0.057207226750510966,-0.08916656767199312,119.10612437901602,0.21546958733484428,2022Q1
2022-06-30,New York,NYC,NY,0.15693406841862198,147.00315601655495,179.9952174968598,0.05419539337783964,0.037616552057797736,119.25226482633079,0.2154436710552831,2022Q2
2022-09-30,New York,NYC,NY,0.1540050806724725,147.80821693081035,180.4844433125307,0.05399786308013748,0.015960644242021642,118.66213131720389,0.2166060221665197,2022Q3
2022-12-31,New York,NYC,NY,0.1496500779548136,147.95191362701357,180.94277161828427,0.055479527536077156,-0.03821107106420696,118.7415323244879,0.21663997297965765,2022Q4
2023-03-31,New York,NYC,NY,0.16158516507016368,149.05492645322965,180.88467231985808,0.05544288474230196,0.05721373805742133,118.64809042328552,0.21756497502767977,2023Q1
2023-06-30,New York,NYC,NY,0.1662553109315823,149.09453736655203,180.35709567130337,0.05517902366142595,-0.09931339729459575,118.41340105820325,0.21781917032257303,2023Q2
2023-09-30,New York,NYC,NY,0.1758617387438419,150.3473621795754,180.01590363397077,0.057176279898885844,-0.026646674958485637,119.12905902289592,0.21808490285364512,2023Q3
2023-12-31,New York,NYC,NY,0.18516186211369254,150.38850657874895,180.23252151023615,0.05551562000641071,-2.714210793498123e-05,119.29656391450686,0.21795645798974692,2023Q4
2024-03-31,New York,NYC,NY,0.19439239948119363,150.99235811120082,180.30055915310533,0.05644909720967662,-0.10566832392174992,119.70328861358637,0.21802496984335717,2024Q1
2024-06-30,New York,NYC,NY,0.19556856669443906,151.59169125070116,180.9300165948742,0.05965038750200941,-0.03038817010500427,118.99289042198953,0.2191560283070649,2024Q2
2024-09-30,New York,NYC,NY,0.2046653833349644,152.23970825406224,180.323254938784,0.055050845910244596,-0.06641527759485294,119.67509437380629,0.21898976760418176,2024Q3
2024-12-31,New York,NYC,NY,0.2001652122185878,152.85469418871176,180.6887685097028,0.054741791108031054,0.009873802703799311,118.98960279223371,0.2201144919737639,2024Q4
2005-03-31,San Francisco,SFO,CA,0.11502030391292542,100.88219765149438,112.07721252392471,0.04451814934467454,0.08901877177059443,100.12973827802332,0.1951763359694835,2005Q1
2005-06-30,San Francisco,SFO,CA,0.14330136803063917,101.6204197836439,113.39175035357057,0.04479141309145138,0.14928631792494346,100.34957097446407,0.1956397795896436,2005Q2
2005-09-30,San Francisco,SFO,CA,0.1250654374401272,102.56050200690011,113.87416630021737,0.046207056939642444,0.07294858869000956,99.97207996850574,0.19683023043562647,2005Q3
2005-12-31,San Francisco,SFO,CA,0.1467454760311918,102.9513213302109,115.1187494378093,0.042141772082247904,0.0917658324427753,99.95052238640069,0.19720205596223742,2005Q4
2006-03-31,San Francisco,SFO,CA,0.1420150765920263,103.52340969353779,116.28147836079141,0.04958547929508198,0.06418538403196924,100.09263836976054,0.19758483644920322,2006Q1
2006-06-30,San Francisco,SFO,CA,0.12896805391742264,104.26079336698459,117.09919051959965,0.04551734963803494,0.09773245559798241,100.43910656779828,0.19792448099829119,2006Q2
2006-09-30,San Francisco,SFO,CA,0.16264576327975666,105.16792750237168,118.13800637189091,0.046427660307818634,0.10350103484458129,100.33155598951514,0.1988383503013008,2006Q3
2006-12-31,San Francisco,SFO,CA,0.17610774968311388,105.8694824875613,120.17853548618713,0.04599030869497044,0.07290796157580834,100.97314243721303,0.1988642358145421,2006Q4
2007-03-31,San Francisco,SFO,CA,0.17023808783930686,106.83849063091402,121.87895527858403,0.048397525097795574,0.03164057042195786,101.64461653493828,0.19909885318645618,2007Q1
2007-06-30,San Francisco,SFO,CA,0.176136360728031,106.9580802639569,123.07288026182916,0.04934272988934092,0.061682332061636744,101.89340962598729,0.19897350185934903,2007Q2
2007-09-30,San Francisco,SFO,CA,0.16671864995539917,107.73928184721512,124.62625583848063,0.04535879108175953,0.06778333940403454,101.69997883067379,0.19984451705632789,2007Q3
2007-12-31,San Francisco,SFO,CA,0.1673127101070681,108.37635215647069,125.22760376004328,0.04537852654705808,0.10130644535808415,102.76626143398887,0.19941317050925014,2007Q4
2008-03-31,San Francisco,SFO,CA,0.17006189192240903,109.19398596995441,126.20734834679163,0.04956772966443057,0.18365602940224773,103.40021656911821,0.19954292218504882,2008Q1
2008-06-30,San Francisco,SFO,CA,0.17539486033583943,109.86313417425555,126.45881622138867,0.04429950986114268,0.09153934848331036,103.6888894854516,0.1998591279137995,2008Q2
2008-09-30,San Francisco,SFO,CA,0.15580903687858202,110.1751036102043,127.73582587881249,0.04498626646101836,0.08797812160826017,104.89576094721718,0.19902964767478,2008Q3
2008-12-31,San Francisco,SFO,CA,0.16379105919464923,111.0416211981048,128.5835600759566,0.04778235239561984,0.12933862580247477,105.18512628531309,0.19951101781939726,2008Q4
2009-03-31,San Francisco,SFO,CA,0.16232828530422136,111.90497388880229,129.9970780434328,0.04615822862395998,0.1040813998849456,105.30826243413193,0.20013777254697068,2009Q1
2009-06-30,San Francisco,SFO,CA,0.152168738310673,112.15714130903476,131.15336659176978,0.04788543416295613,0.07678941100151479,105.65544962616158,0.20003830638674122,2009Q2
2009-09-30,San Francisco,SFO,CA,0.14941087686506943,112.42225884110852,132.9361701951788,0.04613501691453451,0.059159308034493416,106.02208490977674,0.1999329779904823,2009Q3
2009-12-31,San Francisco,SFO,CA,0.16112147538914523,112.97847177170078,134.07800293059228,0.042249217007327845,0.06944556434625335,106.02923304363209,0.20039867027774136,2009Q4
2010-03-31,San Francisco,SFO,CA,0.13398807198267568,113.28974225137372,135.40813176024324,0.04329657986959623,0.06572805237898591,105.82983958493853,0.20084406366495824,2010Q1
2010-06-30,San Francisco,SFO,CA,0.12532682421377428,114.08861189683515,135.67988083497244,0.04731747932107501,0.08173140807885414,105.88196845022435,0.20147567226040183,2010Q2
2010-09-30,San Francisco,SFO,CA,0.11982942527690978,114.5730830825771,136.91518383324401,0.04528503490717998,-0.00993361159073644,106.2775037773988,0.20152502515518078,2010Q3
2010-12-31,San Francisco,SFO,CA,0.10092502427151505,115.06168093686074,138.92181714862448,0.04596121117646173,0.11549175420664004,105.97966331581914,0.20221262674668017,2010Q4
2011-03-31,San Francisco,SFO,CA,0.10875443674182425,115.70110449073444,139.8947593886394,0.043946942360799796,0.0730130689373227,106.23243303953646,0.20252184800088938,2011Q1
2011-06-30,San Francisco,SFO,CA,0.11108247824525969,117.07196946407365,142.0008264848426,0.04202131169554021,0.06964200421850693,106.27978922383444,0.20363904919001952,2011Q2
2011-09-30,San Francisco,SFO,CA,0.10607574537391821,117.8043568654965,144.53953307590007,0.04560333515179251,0.07862748660244528,106.86108506661232,0.20371658676107995,2011Q3
2011-12-31,San Francisco,SFO,CA,0.102096866403045,118.92979501733682,145.9293074446506,0.04860369411560883,0.09069597353430761,106.79998244457227,0.20472175384827782,2011Q4
2012-03-31,San Francisco,SFO,CA,0.08325272548069751,119.73814574529322,146.4289635596293,0.04569642562415739,0.08002451102929586,107.28996121083388,0.20494213825280247,2012Q1
2012-06-30,San Francisco,SFO,CA,0.08885971820949269,120.42556031531569,147.14874012586944,0.04280444035926554,0.05396745231482223,107.8363402853707,0.20500693856724622,2012Q2
2012-09-30,San Francisco,SFO,CA,0.0956911981252114,120.9665722286131,148.2264067570317,0.04479899534752762,0.09528218984758574,108.29294986150563,0.205032781815422,2012Q3
2012-12-31,San Francisco,SFO,CA,0.0936965186515397,121.4773932180767,149.50967285827298,0.04618374295470409,0.08496194866181818,109.66426161231506,0.20419487988965,2012Q4
2013-03-31,San Francisco,SFO,CA,0.08481624693054879,122.68359668115119,150.22651113759147,0.046649497488184935,0.037712455728119924,110.22619933774601,0.20467149976722943,2013Q1
2013-06-30,San Francisco,SFO,CA,0.07509815809756025,123.53336464866844,151.53963016392396,0.04305720806711698,0.12719979782304502,111.09327652313684,0.20457808902876917,2013Q2
2013-09-30,San Francisco,SFO,CA,0.1014549801977374,123.77652567393969,152.4802506684374,0.04858738406500727,0.10190851408782668,111.85258958077638,0.20409436211898965,2013Q3
2013-12-31,San Francisco,SFO,CA,0.11842596327424142,124.423831175087,153.85290534683807,0.048931206111223376,0.061473272346604685,113.17090754900616,0.2034489706169293,2013Q4
2014-03-31,San Francisco,SFO,CA,0.11533399652909287,125.66079740753152,155.64054714799113,0.0465408716222895,0.0774459301720908,113.90863013866776,0.20378546900186706,2014Q1
2014-06-30,San Francisco,SFO,CA,0.1268442061750457,126.37836368243464,156.8320654000363,0.047831473340893556,0.13349816592981437,114.39133024851331,0.20393107320029563,2014Q2
2014-09-30,San Francisco,SFO,CA,0.13322421355279968,127.39948297720181,158.1669392611987,0.04219901793748264,0.036206400919051016,115.22777123903165,0.2040068579792529,2014Q3
2014-12-31,San Francisco,SFO,CA,0.12728965458961847,129.03828986941622,160.83970679504648,0.04589234237131058,0.12266046670818574,115.53043318535356,0.20502282994226462,2014Q4
2015-03-31,San Francisco,SFO,CA,0.1507545819558851,129.2197047117244,162.39897150895385,0.04707982367194423,0.0453254545689914,116.11813064447296,0.2046546731721241,2015Q1
2015-06-30,San Francisco,SFO,CA,0.15006826163840056,130.01920698899028,163.47880467593498,0.0459974630691017,0.06085344344150662,117.00705023108858,0.20450874824122348,2015Q2
2015-09-30,San Francisco,SFO,CA,0.13581634734004444,130.95431127311247,165.2168050851981,0.04483399038131742,0.1006774652742754,117.69075654142222,0.20464285200411625,2015Q3
2015-12-31,San Francisco,SFO,CA,0.16243212907811422,131.29593755202075,165.2680740983228,0.04401529048422508,0.07097904746949042,117.48477453371598,0.20508013412019369,2015Q4
2016-03-31,San Francisco,SFO,CA,0.14005895027575677,132.50447925632835,165.86405407745926,0.045490308917144964,0.04181960955143927,117.94773756314856,0.20560751913901493,2016Q1
2016-06-30,San Francisco,SFO,CA,0.18053628936402835,133.93100636414485,167.27147266771038,0.05139214246972131,0.12657263213069284,119.07770305182795,0.20572626036485342,2016Q2
2016-09-30,San Francisco,SFO,CA,0.16032391886838313,134.39853966753734,168.72232664015547,0.0480010845764299,0.03716873458194217,118.89781332653811,0.2062333139412628,2016Q3
2016-12-31,San Francisco,SFO,CA,0.1608875898055119,134.67227523910074,168.71702621572976,0.04574675675348911,0.04163932598325548,119.33797110734935,0.2060645285322991,2016Q4
2017-03-31,San Francisco,SFO,CA,0.15284800181946487,135.35823535855516,169.89931665749734,0.044925761708759476,0.11922682057715162,119.69841178530692,0.20627445966551536,2017Q1
2017-06-30,San Francisco,SFO,CA,0.1569756994252988,135.9851003834018,171.13857232471307,0.04381247594148968,0.05507904530525497,120.106682655759,0.20639823550104797,2017Q2
2017-09-30,San Francisco,SFO,CA,0.14884988257318987,136.4456728741469,173.03361075165049,0.04608200233876175,0.003148170657759977,120.96537734131395,0.20601756501386226,2017Q3
2017-12-31,San Francisco,SFO,CA,0.1371395339465235,137.33302605066714,174.2520575312549,0.04974275085679236,0.12551171036583186,121.08533447845157,0.2065765429421978,2017Q4
2018-03-31,San Francisco,SFO,CA,0.1331885525404019,137.32853285143608,173.5798083579769,0.044152609178881974,0.07348327406179683,121.05374200380793,0.20659984220265126,2018Q1
2018-06-30,San Francisco,SFO,CA,0.12237322262009731,138.06083178422315,174.79779348653366,0.044590208295400974,0.11335196159694777,121.29827626359308,0.20693735725954016,2018Q2
2018-09-30,San Francisco,SFO,CA,0.12116333438416527,138.9754669504077,176.2393261442732,0.04490426216273966,0.09581446541282153,122.10565994337088,0.2069341707938637,2018Q3
2018-12-31,San Francisco,SFO,CA,0.10806086516458091,139.91244014854033,177.1057484989451,0.04633221564262144,0.13877980699062628,122.11276052449676,0.2076187859424614,2018Q4
2019-03-31,San Francisco,SFO,CA,0.10968327738316837,140.35819294702645,178.56849180873166,0.04357846972561397,0.10316578856763033,122.59897949511125,0.207537051509357,2019Q1
2019-06-30,San Francisco,SFO,CA,0.09928546537422843,141.59227402840116,180.02887847322694,0.04824802137305921,0.1533714612060808,122.75457405054638,0.2083112409343608,2019Q2
2019-09-30,San Francisco,SFO,CA,0.07991032107983581,142.03202898048363,181.0527178959577,0.0469226155090738,0.0675661978015871,122.75311019556369,0.20863489799059692,2019Q3
2019-12-31,San Francisco,SFO,CA,0.08454177953723592,142.99435880927263,182.75909577231664,0.0476644454408999,0.07760833938271416,123.68092963377913,0.2085539744562179,2019Q4
2020-03-31,San Francisco,SFO,CA,0.1546423084968716,144.35768471677005,183.70712894655327,0.05484694797083333,-0.051073945298114515,123.45342864902105,0.20973961761682774,2020Q1
2020-06-30,San Francisco,SFO,CA,0.16443038360529477,145.1628185334212,184.85748869142495,0.057832448978298964,-0.0140590165972596,124.1247824015036,0.20975419191268324,2020Q2
2020-09-30,San Francisco,SFO,CA,0.14215041607815113,145.41460323936892,185.44979526710165,0.05680615560523437,-0.00022987247589294907,123.83933371658105,0.21017978604838797,2020Q3
2020-12-31,San Francisco,SFO,CA,0.14535220650003472,146.21190739567106,185.442125997047,0.05557824799020961,-0.09321831901516867,124.38417264410789,0.2102937789501689,2020Q4
2021-03-31,San Francisco,SFO,CA,0.13569707877341142,146.3988619498142,185.54556097583335,0.05361262008548414,-0.07850590321563047,124.01507763231018,0.21074431986043046,2021Q1
2021-06-30,San Francisco,SFO,CA,0.13910524145564268,147.22051753226756,185.98080670213398,0.05862281360219366,-0.048360891192990016,123.8562778607544,0.21147759376234637,2021Q2
2021-09-30,San Francisco,SFO,CA,0.15418020118836723,148.57963220409238,185.84808101559003,0.0552697597593613,0.0017002977462740251,123.21279222914937,0.21302904683386242,2021Q3
2021-12-31,San Francisco,SFO,CA,0.13955172006502678,148.96876921504503,187.37214006676817,0.05516364019884539,-0.0679613992540544,122.45562157311738,0.21398610653491898,2021Q4
2022-03-31,San Francisco,SFO,CA,0.13910122798383773,149.37247150039346,187.61909417927438,0.05655934100299244,0.026581262865975036,122.34691800372968,0.2143803521526026,2022Q1
2022-06-30,San Francisco,SFO,CA,0.13078754798591002,150.0125169659667,188.33130049297105,0.05541451314006757,0.0015518229396765879,122.20258479197625,0.21498151354506767,2022Q2
2022-09-30,San Francisco,SFO,CA,0.1347159898008571,151.0896114481002,189.5963281967888,0.05307659761797739,-0.03404574279155038,121.88819830406803,0.21606178546840643,2022Q3
2022-12-31,San Francisco,SFO,CA,0.16012062528430393,151.55334264426622,190.1339923682982,0.05643407777704779,-0.027262310066239755,122.3386889133548,0.21599212860736328,2022Q4
2023-03-31,San Francisco,SFO,CA,0.1588906273334922,152.31033985395686,189.78642619683512,0.053866913396888705,-0.06325667904027714,122.19613993831112,0.21667973492269366,2023Q1
2023-06-30,San Francisco,SFO,CA,0.15428853476359805,152.58039712852587,190.44800324723258,0.05823113598388143,-0.06674307218955985,122.09137089447,0.21697507207890082,2023Q2
2023-09-30,San Francisco,SFO,CA,0.1704090737447542,153.71699727930104,191.65922185648674,0.05725889232180484,-0.06978134773930711,122.13885703757283,0.2177688653773898,2023Q3
2023-12-31,San Francisco,SFO,CA,0.1888073272663717,154.23093700051038,192.0750730501918,0.05682406960387129,-0.042859657926601326,122.2149732583534,0.21807678981529527,2023Q4
2024-03-31,San Francisco,SFO,CA,0.18833931165087667,154.87753719244517,191.29190194482402,0.05572531916435631,-0.06884788609177142,121.2542747408176,0.21945659330044068,2024Q1
2024-06-30,San Francisco,SFO,CA,0.1956328301085565,155.59081842877407,192.46899452613496,0.05821976937034465,-0.013879066143225326,121.23889344498944,0.22000067194355766,2024Q2
2024-09-30,San Francisco,SFO,CA,0.20188253523603006,156.34251115201755,192.4291574056171,0.054072592810721326,-0.03908241975725844,120.49830531581784,0.22127198253372032,2024Q3
2024-12-31,San Francisco,SFO,CA,0.2116159616228319,156.80551173647,193.3848185359715,0.055052231015058004,-0.09428805386664205,119.78769866073117,0.22231256518044004,2024Q4
2005-03-31,Washington DC,DCA,DC,0.11858535899874964,100.54674332400937,110.03903440161749,0.04274635155041029,0.09333612127315336,99.06215021049069,0.19584878336410805,2005Q1
2005-06-30,Washington DC,DCA,DC,0.12986415027237347,101.04084362048229,111.37610843083144,0.04591316451197002,0.10323823786647181,99.42718925056423,0.19596065572593668,2005Q2
2005-09-30,Washington DC,DCA,DC,0.14296726384985264,100.87608126527324,112.39569974493855,0.04655201089105686,0.09532602159538286,100.68949118665945,0.19466678112956307,2005Q3
2005-12-31,Washington DC,DCA,DC,0.14591196470965256,101.47392223819605,113.00641816398624,0.0457491914433057,0.060316665162186464,101.65929533131985,0.19433588733005902,2005Q4
2006-03-31,Washington DC,DCA,DC,0.15061470678527303,102.36963366804471,113.19581388515344,0.044051750289094284,0.0886582184624312,102.72507592582612,0.19418858817662568,2006Q1
2006-06-30,Washington DC,DCA,DC,0.16242977543179388,103.31425125099463,115.16738996379631,0.047697242395536917,0.07953068414404306,103.73928143242344,0.19413126102474973,2006Q2
2006-09-30,Washington DC,DCA,DC,0.1640419994527487,103.96166451071942,118.02456882504019,0.04547117857129977,0.10103729464877613,104.16638828335573,0.19432311818772915,2006Q3
2006-12-31,Washington DC,DCA,DC,0.17186879715234105,105.05670673101142,117.87456043227675,0.04723679595950688,0.08534261150940847,103.73803258749898,0.19564404206399438,2006Q4
2007-03-31,Washington DC,DCA,DC,0.16115755983522195,106.55945812577629,118.55413021322214,0.043180248909158093,0.13007886648537345,104.54098369646496,0.1962377175172321,2007Q1
2007-06-30,Washington DC,DCA,DC,0.17093533626112692,107.5340173515374,119.41954841606645,0.04505219348575394,0.07964287053064852,104.87159871592092,0.19678486721037378,2007Q2
2007-09-30,Washington DC,DCA,DC,0.17584574561982125,108.46634423318044,120.28378562408278,0.04429907580709984,0.09854936192829342,104.98420560962286,0.19748513928166977,2007Q3
2007-12-31,Washington DC,DCA,DC,0.16074351029327572,108.7955801502422,121.32378999968357,0.04601420607177673,0.13863650131547034,104.96748470689977,0.1977822410755373,2007Q4
2008-03-31,Washington DC,DCA,DC,0.16952313914634948,110.08718888828972,124.05907331730427,0.043723710197606735,0.08029147819678346,105.34697866083506,0.19854965501520858,2008Q1
2008-06-30,Washington DC,DCA,DC,0.1736926768185389,110.78006111363794,124.14524381369,0.04551042214200366,0.10775220690008691,106.44843854468557,0.19816229919889394,2008Q2
2008-09-30,Washington DC,DCA,DC,0.1656522239335836,111.57324466747299,125.42741425766107,0.046223180422267675,0.11660716981364751,106.70671420329042,0.19860459402715755,2008Q3
2008-12-31,Washington DC,DCA,DC,0.17017696377088778,112.84119482059592,126.21418524483815,0.04579439674663436,0.0008389033111665528,107.24513492890208,0.1991962073439167,2008Q4
2009-03-31,Washington DC,DCA,DC,0.15074459877230934,113.37526551358296,127.82029384379217,0.046621465810073606,0.0726362895691256,106.37970749635429,0.20041842407135926,2009Q1
2009-06-30,Washington DC,DCA,DC,0.1523868032040269,113.37154487196665,129.2660689651848,0.045273909723157695,0.11519927834403458,106.78971530442337,0.20004701976112824,2009Q2
2009-09-30,Washington DC,DCA,DC,0.1367701613084578,114.3238601490326,129.9813306924379,0.04810079507844612,0.12539765470140596,107.15601854474593,0.20052024742190677,2009Q3
2009-12-31,Washington DC,DCA,DC,0.13149697266144628,115.03195490482975,130.86206372440816,0.04620637382182081,0.12112119338209643,107.05554906188722,0.20120564517351486,2009Q4
2010-03-31,Washington DC,DCA,DC,0.13925613196684677,115.38229607461984,131.37396556006914,0.042407923152445376,0.08184044819518146,107.36180075571463,0.2012234768196923,2010Q1
2010-06-30,Washington DC,DCA,DC,0.13106497197693628,116.11149508124609,133.24089984981111,0.04635264777532624,0.13529085673239877,107.66305759989542,0.2015623980989585,2010Q2
2010-09-30,Washington DC,DCA,DC,0.12420980001803433,116.94695731784589,133.6545077358495,0.044093022696917394,0.11865399130882956,107.76691222806122,0.2021665837500491,2010Q3
2010-12-31,Washington DC,DCA,DC,0.11229201038305424,117.2577465410707,135.17301188866216,0.048932241843459526,0.14020859853198867,107.04205050938005,0.2030892659798365,2010Q4
2011-03-31,Washington DC,DCA,DC,0.09845278726329937,118.142222385487,135.36317930594402,0.04342123940915371,0.10324479813014313,106.94021337943948,0.20392751822429142,2011Q1
2011-06-30,Washington DC,DCA,DC,0.11334853607310663,119.08380319292688,136.34235414238634,0.04625153623133126,-0.009233350646662988,108.13363061785483,0.2036138670377147,2011Q2
2011-09-30,Washington DC,DCA,DC,0.11060898521639492,119.4035215254568,137.3529578791189,0.04562489497391142,0.053747481647762045,107.606430333909,0.204366865799234,2011Q3
2011-12-31,Washington DC,DCA,DC,0.10200163374517361,120.32777225763738,139.59681808275252,0.04379293606777145,0.12215086777671237,107.29463217273988,0.2054323512638761,2011Q4
2012-03-31,Washington DC,DCA,DC,0.10580282295280344,121.40265690959967,141.4912317164945,0.04277715719232549,0.11730291672475598,108.02007544383783,0.20565007860316464,2012Q1
2012-06-30,Washington DC,DCA,DC,0.09973995152512834,121.74156928869442,141.37553051697083,0.04450756775779928,0.07186607833453298,108.35100774627165,0.20562265186900877,2012Q2
2012-09-30,Washington DC,DCA,DC,0.0931660070649104,122.38234898620127,141.54781427979233,0.04490701187888569,0.10431561363770238,107.65154972153317,0.20681540035651655,2012Q3
2012-12-31,Washington DC,DCA,DC,0.08779292355189555,122.87488684743974,142.17510605569686,0.04734950402730178,0.071914197102035,107.9136361578989,0.20697768687998302,2012Q4
2013-03-31,Washington DC,DCA,DC,0.1172376938970114,123.64398543558964,142.12794855385667,0.04573926659637532,0.014734224911771968,108.85391872778925,0.2067283700877203,2013Q1
2013-06-30,Washington DC,DCA,DC,0.09756858818913701,124.02063890289023,143.23551295223464,0.04567916447076409,0.0706927346056923,108.87260827968348,0.2070221832895411,2013Q2
2013-09-30,Washington DC,DCA,DC,0.12852178413428236,125.44701714830738,144.1177321627681,0.04833539771051555,0.16553579081127287,108.91124653771065,0.20816451493545626,2013Q3
2013-12-31,Washington DC,DCA,DC,0.11757635413430353,126.1316224967833,144.3719677128948,0.04393189685225841,0.09793744611487092,108.93559023932032,0.20870695385017565,2013Q4
2014-03-31,Washington DC,DCA,DC,0.12833190547426027,126.72339140764008,145.60307375630723,0.044935685892269366,0.06719959807859772,108.66795098318462,0.20945371564015636,2014Q1
2014-06-30,Washington DC,DCA,DC,0.11689017777736489,127.32476370441145,145.98703959462182,0.04775963335947247,0.14020644673338784,109.14054881559642,0.20949515402619528,2014Q2
2014-09-30,Washington DC,DCA,DC,0.13285891660453988,128.44511258894735,148.46421055132106,0.044974900420951966,0.08257946278196869,109.48390276881553,0.21008684738719355,2014Q3
2014-12-31,Washington DC,DCA,DC,0.13341989771389373,128.93053873314557,149.08964450013292,0.043026422541782836,0.05537754448709794,110.47924506798196,0.20953102622436356,2014Q4
2015-03-31,Washington DC,DCA,DC,0.1416492571239615,129.96308718732465,150.36128267090587,0.04762743492265764,0.07036173440335845,111.42412274134668,0.20947437681435635,2015Q1
2015-06-30,Washington DC,DCA,DC,0.15883112918724204,130.66226294121026,151.49819120509898,0.041583958006757876,0.05966190238737237,111.53663820263253,0.20993265293100227,2015Q2
2015-09-30,Washington DC,DCA,DC,0.14353514409279702,131.19984565890667,152.3376323871209,0.04547191597731291,0.13130065805263286,112.3839388140666,0.20956827073250478,2015Q3
2015-12-31,Washington DC,DCA,DC,0.15745344494989724,132.04711409693948,153.71887076418585,0.04456473576466294,0.08857960050906434,113.04339083800895,0.20962989906464022,2015Q4
2016-03-31,Washington DC,DCA,DC,0.14576584919686641,132.4849907258744,154.62178908979962,0.045777648800386796,0.14289703709425478,112.99672362303149,0.21002207872068218,2016Q1
2016-06-30,Washington DC,DCA,DC,0.15806092919662101,133.6116492109642,155.51853893297738,0.049128929173456536,0.06175777964764732,113.1583345614558,0.21076745679485082,2016Q2
2016-09-30,Washington DC,DCA,DC,0.15884246610890054,134.51365324255798,155.49020020993532,0.048537765701493416,-0.01708508818676263,113.34584450906962,0.2113078749976715,2016Q3
2016-12-31,Washington DC,DCA,DC,0.14465506643597137,134.87313140974965,156.02660321134618,0.0447747894163389,0.12449423072361065,113.65421670569127,0.21130274061727466,2016Q4
2017-03-31,Washington DC,DCA,DC,0.14914238140926378,135.70953357120243,158.00938730594282,0.04892212851967254,0.12610599456413923,113.52875456087394,0.21208382815570453,2017Q1
2017-06-30,Washington DC,DCA,DC,0.1416085923806801,136.88312818423162,159.9065897977256,0.04674134519754646,0.08169278856116703,115.4823181780159,0.21117850915142158,2017Q2
2017-09-30,Washington DC,DCA,DC,0.13722654005315474,136.76959182213102,161.49359673225092,0.04694893675657186,0.10637427566566626,116.89667018369643,0.20980037549100836,2017Q3
2017-12-31,Washington DC,DCA,DC,0.14845800472020917,137.5181025919216,162.28864732092086,0.044038942631086105,0.11722534366494022,117.36969665153472,0.20994995502560249,2017Q4
2018-03-31,Washington DC,DCA,DC,0.1475121383542783,138.28233218303728,163.57865353795074,0.04966058910247125,0.08145428719437064,117.59225880194242,0.2103352822138984,2018Q1
2018-06-30,Washington DC,DCA,DC,0.14441650729842462,138.0989696958259,163.46482564407236,0.04577645631092195,0.13993402292434975,118.07408313678206,0.20976363569748116,2018Q2
2018-09-30,Washington DC,DCA,DC,0.12152893312175446,138.2134652960794,164.17456639181398,0.04569315370151213,0.11954562333082755,118.35608159344855,0.2095998960862498,2018Q3
2018-12-31,Washington DC,DCA,DC,0.11907968294375737,138.8106699246048,165.67240440220294,0.0452837798293043,0.046962131365481594,119.37244284154315,0.20915531236382406,2018Q4
2019-03-31,Washington DC,DCA,DC,0.10178314254963022,139.32438348409295,166.41032428508427,0.04522866962899284,0.028491386072238903,119.41794032539921,0.2095026024515295,2019Q1
2019-06-30,Washington DC,DCA,DC,0.10128756545966508,139.3033801687267,167.6074401178027,0.04454051965624073,0.08896548178577438,119.47122440638495,0.20943994915913297,2019Q2
2019-09-30,Washington DC,DCA,DC,0.08991343221138842,140.21489424565993,167.50543143613177,0.04601491225334558,0.08939681134132747,119.90459257102982,0.209744846853,2019Q3
2019-12-31,Washington DC,DCA,DC,0.0952342104653006,140.4552565191436,169.80177330458997,0.044513038795039504,0.13366547827051992,120.44650073574063,0.20945093680186852,2019Q4
2020-03-31,Washington DC,DCA,DC,0.16991055110865588,140.91987632221873,169.8743794924691,0.05642752640959203,-0.0834267220393515,120.34541421360802,0.20988655711873053,2020Q1
2020-06-30,Washington DC,DCA,DC,0.16730128051218052,141.16535650370852,171.16157867663742,0.05505060179965397,-0.012768128700385808,120.28336912294887,0.21012459447197013,2020Q2
2020-09-30,Washington DC,DCA,DC,0.14221550450808967,141.91976966647658,171.2972658392672,0.056229810967909556,-0.07572225976122134,119.08345448574545,0.21175905899473063,2020Q3
2020-12-31,Washington DC,DCA,DC,0.1479132854034496,143.19540712096372,171.6780165877447,0.055852573894222206,-0.09261217048488596,118.62959263879988,0.21313719881536225,2020Q4
2021-03-31,Washington DC,DCA,DC,0.14800509347203702,144.16549200199134,171.80981265241013,0.05571505590688663,-0.05873283362224012,119.04620313073076,0.213490408252927,2021Q1
2021-06-30,Washington DC,DCA,DC,0.1447416529633043,144.5395853373551,171.73257822594164,0.054573973766055925,-0.04343756312192508,118.95130713564075,0.21386040127350794,2021Q2
2021-09-30,Washington DC,DCA,DC,0.13996379995089364,145.96137483649062,171.74969671355183,0.055458555400611786,-0.11781339697670352,118.81904979823281,0.21505907076846137,2021Q3
2021-12-31,Washington DC,DCA,DC,0.1455550986762706,147.33180146228466,171.31511433680615,0.05588061761165835,0.028660649110981123,118.96505656279177,0.21596014228646074,2021Q4
2022-03-31,Washington DC,DCA,DC,0.1388064676641476,147.80551436678928,172.43570415289523,0.05526957911310897,-0.04685835788834425,118.58883296944134,0.21667326252328414,2022Q1
2022-06-30,Washington DC,DCA,DC,0.14048105616651704,148.1468579028378,173.31483788047086,0.05398697817172425,0.03716622562659552,118.92736763797537,0.21661227050650617,2022Q2
2022-09-30,Washington DC,DCA,DC,0.1377670755299353,148.43567420855527,174.33073905839024,0.054407584459270665,-0.057997548200837495,118.93757539021315,0.21682119567715052,2022Q3
2022-12-31,Washington DC,DCA,DC,0.15360038898028724,148.25806774402773,173.34706464198356,0.056549041973181106,-0.05619104613914059,118.50449075536156,0.21709679706575846,2022Q4
2023-03-31,Washington DC,DCA,DC,0.14940714154514548,148.45454747277165,174.20274415252283,0.056945661872716095,0.00019569559051929586,118.37809226880438,0.21736640134570226,2023Q1
2023-06-30,Washington DC,DCA,DC,0.18023587808761563,149.45429877609368,174.3246195670692,0.054879601477557466,-0.031667154479264166,118.47071078130423,0.21803765670131445,2023Q2
2023-09-30,Washington DC,DCA,DC,0.1694607379938887,150.5765072786389,175.2246642504754,0.056448915951838555,0.015312885145573475,118.71323041366597,0.2186564896166573,2023Q3
2023-12-31,Washington DC,DCA,DC,0.1736285140196713,151.03080730235092,175.9796839333495,0.052090319617172566,-0.0967656007169953,118.37700688600876,0.21932612219027262,2023Q4
2024-03-31,Washington DC,DCA,DC,0.1785586098508566,151.3382390307326,176.04740119553222,0.05659692465221711,0.032397387831494276,118.04778268306084,0.21988074839859223,2024Q1
2024-06-30,Washington DC,DCA,DC,0.2058922080201333,152.1882646510017,175.82258295191588,0.057471206026693734,0.0859469357150089,118.36926345601557,0.2202136862955961,2024Q2
2024-09-30,Washington DC,DCA,DC,0.192622010462221,153.7273405025273,176.1898547425103,0.05696853200591124,-0.05505533020007533,118.01697426529674,0.22173280258080486,2024Q3
2024-12-31,Washington DC,DCA,DC,0.20868119209487887,154.5566519377376,175.67703102051124,0.055495864120027015,0.019550427630706885,117.25104087477212,0.2231351828573771,2024Q4
